,n_clients,input_size,client_setup_time,client_key_broadcast_time,client_key_share_time,client_masked_input_time,client_process_unmask_broadcast_time,server_key_broadcast_time,server_cipher_distribution_time,server_mask_collection_time,server_aggregation_time
1000,20.0,1000.0,0.0019131750000006774,1.6540000000020428e-05,0.03505344000000079,0.01981902499999748,0.02305542500000044,5.419999999389802e-05,0.00039669000000017716,0.00019880000000682685,0.5428472000000113
10000,20.0,10000.0,0.001878014999999067,1.440000000130226e-05,0.03480794999999972,0.029915689999999273,0.023015260000003222,4.54000000047472e-05,0.00041197000000252614,0.0002006999999935033,0.5605364000000037
100000,20.0,100000.0,0.0018767149999980859,1.4594999999673064e-05,0.034754199999999,0.13171219500000006,0.026776614999999993,4.669999999862284e-05,0.0008018800000016313,0.00023850000000891214,0.7578338000000002
1000000,20.0,1000000.0,0.0019588149999975714,1.5355000000027984e-05,0.03592227499999936,1.180773014999999,0.02660581499999921,4.919999999231095e-05,0.003799045000000234,0.0002781999999967866,2.4180582000000044
